index,mid,display_name
2,/m/01h8n0,Conversation
13,/m/01j3sz,Laughter
24,/m/015lz1,Singing
25,/m/0l14jd,Choir
32,/m/02fxyj,Humming
48,/m/07pbtc8,"Walk, footsteps"
58,/m/0l15bq,Clapping
61,/m/053hz1,Cheering
62,/m/028ght,Applause
106,/m/015p6,Bird
107,/m/020bb7,"Bird vocalization, bird call, bird song"
108,/m/07pggtn,"Chirp, tweet"
132,/m/04rlf,Music
133,/m/04szw,Musical instrument
277,/m/03m9d0z,Wind
278,/m/09t49,Rustling leaves
282,/m/0838f,Water
283,/m/06mb1,Rain
284,/m/07r10fb,Raindrop
286,/m/0j6m2,Stream
288,/m/05kq4,Ocean
289,/m/034srq,"Waves, surf"
348,/m/02dgv,Door
353,/m/07r4wb8,Knock
364,/m/02jz0l,"Water tap, faucet"
365,/m/0130jx,Sink (filling or washing)
366,/m/03dnzn,Bathtub (filling or washing)
494,/m/028v0c,Silence